Workbook

Sheet PO Data
A1: PO Number | B1: Order Date | C1: Delivery Date | D1: Supplier | E1: Category | F1: Quantity | G1: Unit Price (R) | H1: Total Amount (R) | I1: Status | J1: Month | K1: Quarter
A2: PO-10001 | B2: 45417 | C2: 45427 | D2: Bidvest Facilities | E2: Facilities & Maintenance | F2: 2 | G2: 3349.9 | H2: =F2*G2 | J2: =TEXT(B2,"MMM YYYY") | K2: ="Q"&INT((MONTH(B2)-1)/3+1)&" "&YEAR(B2)
A3: PO-10002 | B3: 45571 | C3: 45576 | D3: Bidvest Facilities | E3: Facilities & Maintenance | F3: 44 | G3: 3345.97 | H3: =F3*G3 | J3: =TEXT(B3,"MMM YYYY") | K3: ="Q"&INT((MONTH(B3)-1)/3+1)&" "&YEAR(B3)
A4: PO-10003 | B4: 45411 | C4: 45430 | D4: Makro SA | E4: Office Supplies | F4: 2 | G4: 466.94 | H4: =F4*G4 | J4: =TEXT(B4,"MMM YYYY") | K4: ="Q"&INT((MONTH(B4)-1)/3+1)&" "&YEAR(B4)
A5: PO-10004 | B5: 45651 | C5: 45671 | D5: Staples SA | E5: Office Supplies | F5: 13 | G5: 3236.29 | H5: =F5*G5 | J5: =TEXT(B5,"MMM YYYY") | K5: ="Q"&INT((MONTH(B5)-1)/3+1)&" "&YEAR(B5)
A6: PO-10005 | B6: 45295 | C6: 45303 | D6: Tiger Brands | E6: Food & Consumables | F6: 38 | G6: 1287.95 | H6: =F6*G6 | J6: =TEXT(B6,"MMM YYYY") | K6: ="Q"&INT((MONTH(B6)-1)/3+1)&" "&YEAR(B6)
A7: PO-10006 | B7: 45464 | C7: 45470 | D7: Builders Warehouse | E7: Facilities & Maintenance | F7: 18 | G7: 741.88 | H7: =F7*G7 | J7: =TEXT(B7,"MMM YYYY") | K7: ="Q"&INT((MONTH(B7)-1)/3+1)&" "&YEAR(B7)
A8: PO-10007 | B8: 45601 | C8: 45612 | D8: Bidvest Facilities | E8: Facilities & Maintenance | F8: 23 | G8: 3821.35 | H8: =F8*G8 | J8: =TEXT(B8,"MMM YYYY") | K8: ="Q"&INT((MONTH(B8)-1)/3+1)&" "&YEAR(B8)
A9: PO-10008 | B9: 45485 | C9: 45490 | D9: Tiger Brands | E9: Food & Consumables | F9: 35 | G9: 605.48 | H9: =F9*G9 | J9: =TEXT(B9,"MMM YYYY") | K9: ="Q"&INT((MONTH(B9)-1)/3+1)&" "&YEAR(B9)
A10: PO-10009 | B10: 45652 | C10: 45657 | D10: Digitec SA | E10: Marketing & Print | F10: 24 | G10: 2619.22 | H10: =F10*G10 | J10: =TEXT(B10,"MMM YYYY") | K10: ="Q"&INT((MONTH(B10)-1)/3+1)&" "&YEAR(B10)
A11: PO-10010 | B11: 45332 | C11: 45342 | D11: Pick n Pay Trade | E11: Food & Consumables | F11: 50 | G11: 1337.78 | H11: =F11*G11 | J11: =TEXT(B11,"MMM YYYY") | K11: ="Q"&INT((MONTH(B11)-1)/3+1)&" "&YEAR(B11)
A12: PO-10011 | B12: 45478 | C12: 45486 | D12: Nashua Office | E12: IT & Electronics | F12: 18 | G12: 2067.68 | H12: =F12*G12 | J12: =TEXT(B12,"MMM YYYY") | K12: ="Q"&INT((MONTH(B12)-1)/3+1)&" "&YEAR(B12)
A13: PO-10012 | B13: 45641 | C13: 45646 | D13: Pick n Pay Trade | E13: Food & Consumables | F13: 43 | G13: 1238.05 | H13: =F13*G13 | J13: =TEXT(B13,"MMM YYYY") | K13: ="Q"&INT((MONTH(B13)-1)/3+1)&" "&YEAR(B13)
... A121: PO-10120 | B121: 45656 | C121: 45674 | D121: Pick n Pay Trade | E121: Food & Consumables | F121: 45 | G121: 2168.61 | H121: =F121*G121 | J121: =TEXT(B121,"MMM YYYY") | K121: ="Q"&INT((MONTH(B121)-1)/3+1)&" "&YEAR(B121)

Sheet Dashboard
A1: PROCUREMENT SPEND TRACKER — FY 2024
A2: Kutlo Hlolo Tsheiso | Data Analytics Portfolio — Project 01
A4: Total PO Spend | D4: Total POs Raised | G4: Avg PO Value | J4: Cancelled POs
A5: =SUMIF('PO Data'!I:I,"Delivered",'PO Data'!H:H) | D5: =COUNTA('PO Data'!A2:A121) | G5: =AVERAGEIF('PO Data'!I:I,"Delivered",'PO Data'!H:H) | J5: =COUNTIF('PO Data'!I:I,"Cancelled")
A8: Spend by Supplier | G8: Spend by Category
A9: Supplier | B9: Total Spend (R) | C9: No. of POs | D9: Avg PO Value (R) | E9: % of Total | G9: Category | H9: Total Spend (R) | I9: No. of POs | J9: % of Spend
A10: Makro SA | B10: =SUMIFS('PO Data'!H:H,'PO Data'!D:D,A10,'PO Data'!I:I,"Delivered") | C10: =COUNTIF('PO Data'!D:D,A10) | D10: =IF(C10>0,B10/C10,0) | E10: =IF(SUM(B10:B19)>0,B10/SUM(B$10:B$19),0) | G10: Marketing & Print | H10: =SUMIFS('PO Data'!H:H,'PO Data'!E:E,G10,'PO Data'!I:I,"Delivered") | I10: =COUNTIF('PO Data'!E:E,G10) | J10: =IF(SUM(H10:H14)>0,H10/SUM(H$10:H$14),0)
A11: Bidvest Facilities | B11: =SUMIFS('PO Data'!H:H,'PO Data'!D:D,A11,'PO Data'!I:I,"Delivered") | C11: =COUNTIF('PO Data'!D:D,A11) | D11: =IF(C11>0,B11/C11,0) | E11: =IF(SUM(B10:B19)>0,B11/SUM(B$10:B$19),0) | G11: Office Supplies | H11: =SUMIFS('PO Data'!H:H,'PO Data'!E:E,G11,'PO Data'!I:I,"Delivered") | I11: =COUNTIF('PO Data'!E:E,G11) | J11: =IF(SUM(H10:H14)>0,H11/SUM(H$10:H$14),0)
A12: Incredible Connection | B12: =SUMIFS('PO Data'!H:H,'PO Data'!D:D,A12,'PO Data'!I:I,"Delivered") | C12: =COUNTIF('PO Data'!D:D,A12) | D12: =IF(C12>0,B12/C12,0) | E12: =IF(SUM(B10:B19)>0,B12/SUM(B$10:B$19),0) | G12: Facilities & Maintenance | H12: =SUMIFS('PO Data'!H:H,'PO Data'!E:E,G12,'PO Data'!I:I,"Delivered") | I12: =COUNTIF('PO Data'!E:E,G12) | J12: =IF(SUM(H10:H14)>0,H12/SUM(H$10:H$14),0)
A13: Pick n Pay Trade | B13: =SUMIFS('PO Data'!H:H,'PO Data'!D:D,A13,'PO Data'!I:I,"Delivered") | C13: =COUNTIF('PO Data'!D:D,A13) | D13: =IF(C13>0,B13/C13,0) | E13: =IF(SUM(B10:B19)>0,B13/SUM(B$10:B$19),0) | G13: IT & Electronics | H13: =SUMIFS('PO Data'!H:H,'PO Data'!E:E,G13,'PO Data'!I:I,"Delivered") | I13: =COUNTIF('PO Data'!E:E,G13) | J13: =IF(SUM(H10:H14)>0,H13/SUM(H$10:H$14),0)
A14: Rand Merchant Print | B14: =SUMIFS('PO Data'!H:H,'PO Data'!D:D,A14,'PO Data'!I:I,"Delivered") | C14: =COUNTIF('PO Data'!D:D,A14) | D14: =IF(C14>0,B14/C14,0) | E14: =IF(SUM(B10:B19)>0,B14/SUM(B$10:B$19),0) | G14: Food & Consumables | H14: =SUMIFS('PO Data'!H:H,'PO Data'!E:E,G14,'PO Data'!I:I,"Delivered") | I14: =COUNTIF('PO Data'!E:E,G14) | J14: =IF(SUM(H10:H14)>0,H14/SUM(H$10:H$14),0)
A15: Builders Warehouse | B15: =SUMIFS('PO Data'!H:H,'PO Data'!D:D,A15,'PO Data'!I:I,"Delivered") | C15: =COUNTIF('PO Data'!D:D,A15) | D15: =IF(C15>0,B15/C15,0) | E15: =IF(SUM(B10:B19)>0,B15/SUM(B$10:B$19),0) | G15: TOTAL | H15: =SUM(H10:H14) | I15: =SUM(I10:I14) | J15: 100.0%
A16: Nashua Office | B16: =SUMIFS('PO Data'!H:H,'PO Data'!D:D,A16,'PO Data'!I:I,"Delivered") | C16: =COUNTIF('PO Data'!D:D,A16) | D16: =IF(C16>0,B16/C16,0) | E16: =IF(SUM(B10:B19)>0,B16/SUM(B$10:B$19),0)
A17: Tiger Brands | B17: =SUMIFS('PO Data'!H:H,'PO Data'!D:D,A17,'PO Data'!I:I,"Delivered") | C17: =COUNTIF('PO Data'!D:D,A17) | D17: =IF(C17>0,B17/C17,0) | E17: =IF(SUM(B10:B19)>0,B17/SUM(B$10:B$19),0)
A18: Staples SA | B18: =SUMIFS('PO Data'!H:H,'PO Data'!D:D,A18,'PO Data'!I:I,"Delivered") | C18: =COUNTIF('PO Data'!D:D,A18) | D18: =IF(C18>0,B18/C18,0) | E18: =IF(SUM(B10:B19)>0,B18/SUM(B$10:B$19),0)
A19: Digitec SA | B19: =SUMIFS('PO Data'!H:H,'PO Data'!D:D,A19,'PO Data'!I:I,"Delivered") | C19: =COUNTIF('PO Data'!D:D,A19) | D19: =IF(C19>0,B19/C19,0) | E19: =IF(SUM(B10:B19)>0,B19/SUM(B$10:B$19),0)
A20: TOTAL | B20: =SUM(B10:B19) | C20: =SUM(C10:C19) | D20: =IF(C20>0,B20/C20,0) | E20: 100.0%
A22: Quarterly Spend Summary
A23: Quarter | B23: Total Spend (R) | C23: POs Raised | D23: Avg PO (R) | E23: Delivered (R)
A24: Q1 2024 | B24: =SUMIF('PO Data'!K:K,A24,'PO Data'!H:H) | C24: =COUNTIF('PO Data'!K:K,A24) | D24: =IF(C24>0,B24/C24,0) | E24: =SUMIFS('PO Data'!H:H,'PO Data'!K:K,A24,'PO Data'!I:I,"Delivered")
A25: Q2 2024 | B25: =SUMIF('PO Data'!K:K,A25,'PO Data'!H:H) | C25: =COUNTIF('PO Data'!K:K,A25) | D25: =IF(C25>0,B25/C25,0) | E25: =SUMIFS('PO Data'!H:H,'PO Data'!K:K,A25,'PO Data'!I:I,"Delivered")
A26: Q3 2024 | B26: =SUMIF('PO Data'!K:K,A26,'PO Data'!H:H) | C26: =COUNTIF('PO Data'!K:K,A26) | D26: =IF(C26>0,B26/C26,0) | E26: =SUMIFS('PO Data'!H:H,'PO Data'!K:K,A26,'PO Data'!I:I,"Delivered")
A27: Q4 2024 | B27: =SUMIF('PO Data'!K:K,A27,'PO Data'!H:H) | C27: =COUNTIF('PO Data'!K:K,A27) | D27: =IF(C27>0,B27/C27,0) | E27: =SUMIFS('PO Data'!H:H,'PO Data'!K:K,A27,'PO Data'!I:I,"Delivered")

Sheet README
A1: PROJECT 01 — PROCUREMENT SPEND TRACKER
A3: What is this? | B3: A simulated Procurement Spend Tracker for FY 2024. Built as a Data Analytics portfolio project by Kutlo Hlolo Tsheiso.
A4: PO Data sheet | B4: Contains 120 simulated Purchase Orders across 10 suppliers and 4 categories. Includes order dates, delivery dates, quantities, unit prices, and status.
A5: Dashboard sheet | B5: Contains KPI cards, supplier summary, category breakdown, and quarterly analysis — all driven by formulas referencing PO Data.
A6: Key formulas used | B6: SUMIF, SUMIFS, COUNTIF, AVERAGEIF, TEXT, INT — all dynamically linked to PO Data.
A7: Power BI | B7: Import the 'PO Data' sheet into Power BI to build interactive visuals. Use slicers for Supplier, Category, Quarter and Status.
A8: GitHub | B8: Upload this file + a screenshot of the dashboard to your data-portfolio repo. Add a README explaining what you built and why.
